[{"first_Name":"Elenore","last_Name":"Godsell","ID":8855,"orderDate":"8/16/2021","checkIn":"7/11/2021","checkOut":"4/23/2021","specialRequest":"Maecenas ut massa quis augue luctus tincidunt. Nulla mollis molestie lorem. Quisque ut erat.\n\nCurabitur gravida nisi at nibh. In hac habitasse platea dictumst. Aliquam augue quam, sollicitudin vitae, consectetuer eget, rutrum at, lorem.\n\nInteger tincidunt ante vel ipsum. Praesent blandit lacinia erat. Vestibulum sed magna at nunc commodo placerat.","roomType":"Single Bed","roomNumber":36,"status":"checkIn"},
{"first_Name":"Reece","last_Name":"Merida","ID":6883,"orderDate":"11/8/2021","checkIn":"12/25/2021","checkOut":"7/26/2021","specialRequest":"Mauris enim leo, rhoncus sed, vestibulum sit amet, cursus id, turpis. Integer aliquet, massa id lobortis convallis, tortor risus dapibus augue, vel accumsan tellus nisi eu orci. Mauris lacinia sapien quis libero.\n\nNullam sit amet turpis elementum ligula vehicula consequat. Morbi a ipsum. Integer a nibh.\n\nIn quis justo. Maecenas rhoncus aliquam lacus. Morbi quis tortor id nulla ultrices aliquet.","roomType":"Suite","roomNumber":46,"status":"checkIn"},
{"first_Name":"Kaleb","last_Name":"Skellion","ID":3603,"orderDate":"11/4/2021","checkIn":"7/30/2021","checkOut":"8/12/2021","specialRequest":"Nulla ut erat id mauris vulputate elementum. Nullam varius. Nulla facilisi.","roomType":"Double Superior","roomNumber":91,"status":"checkOut"},
{"first_Name":"Glennie","last_Name":"Binham","ID":2530,"orderDate":"10/2/2021","checkIn":"6/5/2021","checkOut":"2/10/2021","specialRequest":"Fusce posuere felis sed lacus. Morbi sem mauris, laoreet ut, rhoncus aliquet, pulvinar sed, nisl. Nunc rhoncus dui vel sem.","roomType":"Double Superior","roomNumber":29,"status":"checkOut"},
{"first_Name":"Link","last_Name":"Ricciardi","ID":9893,"orderDate":"5/4/2021","checkIn":"1/15/2021","checkOut":"2/24/2021","specialRequest":"Lorem ipsum dolor sit amet, consectetuer adipiscing elit. Proin risus. Praesent lectus.\n\nVestibulum quam sapien, varius ut, blandit non, interdum in, ante. Vestibulum ante ipsum primis in faucibus orci luctus et ultrices posuere cubilia Curae; Duis faucibus accumsan odio. Curabitur convallis.\n\nDuis consequat dui nec nisi volutpat eleifend. Donec ut dolor. Morbi vel lectus in quam fringilla rhoncus.","roomType":"Double Superior","roomNumber":65,"status":"checkOut"},
{"first_Name":"Gratia","last_Name":"Markie","ID":6738,"orderDate":"6/7/2021","checkIn":"9/2/2021","checkOut":"8/16/2021","specialRequest":"In hac habitasse platea dictumst. Etiam faucibus cursus urna. Ut tellus.\n\nNulla ut erat id mauris vulputate elementum. Nullam varius. Nulla facilisi.\n\nCras non velit nec nisi vulputate nonummy. Maecenas tincidunt lacus at velit. Vivamus vel nulla eget eros elementum pellentesque.","roomType":"Double Superior","roomNumber":9,"status":"In Progress"},
{"first_Name":"Brigida","last_Name":"Roundtree","ID":4432,"orderDate":"12/6/2021","checkIn":"7/14/2021","checkOut":"4/22/2021","specialRequest":"In congue. Etiam justo. Etiam pretium iaculis justo.\n\nIn hac habitasse platea dictumst. Etiam faucibus cursus urna. Ut tellus.\n\nNulla ut erat id mauris vulputate elementum. Nullam varius. Nulla facilisi.","roomType":"Double Superior","roomNumber":89,"status":"checkIn"}]
