[{"Photo":"https://robohash.org/undevoluptatembeatae.png?size=50x50&set=set1","FullName":"Conant Wight","ID":3090,"Email":"cwight0@house.gov","StartDate":"12/31/2010","JobDescription":"Systems Administrator IV","Contact":"220-133-5547","Status":"INACTIVE"},
{"Photo":"https://robohash.org/dignissimosquisquo.png?size=50x50&set=set1","FullName":"Brittany Fogel","ID":8569,"Email":"bfogel1@illinois.edu","StartDate":"11/26/2003","JobDescription":"VP Marketing","Contact":"162-984-3880","Status":"INACTIVE"},
{"Photo":"https://robohash.org/atqueenimut.png?size=50x50&set=set1","FullName":"Efrem Barlass","ID":8702,"Email":"ebarlass2@tumblr.com","StartDate":"10/21/2000","JobDescription":"Geological Engineer","Contact":"813-835-2222","Status":"INACTIVE"},
{"Photo":"https://robohash.org/quamdolorereprehenderit.png?size=50x50&set=set1","FullName":"Janeczka Arthan","ID":2036,"Email":"jarthan3@diigo.com","StartDate":"11/22/2012","JobDescription":"VP Accounting","Contact":"995-292-3030","Status":"INACTIVE"},
{"Photo":"https://robohash.org/voluptatumvoluptasveritatis.png?size=50x50&set=set1","FullName":"Fairleigh Whiskin","ID":1301,"Email":"fwhiskin4@yelp.com","StartDate":"4/22/2000","JobDescription":"Chemical Engineer","Contact":"982-332-8000","Status":"ACTIVE"},
{"Photo":"https://robohash.org/cupiditateimpeditquia.png?size=50x50&set=set1","FullName":"Connie Thoms","ID":4859,"Email":"cthoms5@auda.org.au","StartDate":"2/6/2011","JobDescription":"General Manager","Contact":"784-654-1623","Status":"INACTIVE"},
{"Photo":"https://robohash.org/enimsuntab.png?size=50x50&set=set1","FullName":"Ellette Balaam","ID":6709,"Email":"ebalaam6@indiatimes.com","StartDate":"11/13/2008","JobDescription":"Quality Control Specialist","Contact":"250-316-5209","Status":"INACTIVE"}]